,type,lon,lat,geometry
0,railway,21.0688877,54.635771,POINT (21.0688877 54.635771)
1,railway,20.1770136,54.5707678,POINT (20.1770136 54.5707678)
2,railway,20.055916,54.5432857,POINT (20.055916 54.5432857)
3,airport,20.6049701,54.564015,POINT (20.6049701 54.564015)
4,railway,20.4727558,54.9585197,POINT (20.4727558 54.9585197)
5,bank,20.4992572,54.7208867,POINT (20.4992572 54.7208867)
6,bank,20.5075998,54.7115999,POINT (20.5075998 54.7115999)
7,railway,20.5072405,54.8275531,POINT (20.5072405 54.8275531)
8,railway,20.2520868,54.8406749,POINT (20.2520868 54.8406749)
9,railway,20.3036372,54.8020235,POINT (20.3036372 54.8020235)
10,railway,20.1605853,54.9333493,POINT (20.1605853 54.9333493)
11,railway,20.2255046,54.9487993,POINT (20.2255046 54.9487993)
12,railway,20.4452812,54.7648506,POINT (20.4452812 54.7648506)
13,atm,20.5023541,54.6946047,POINT (20.5023541 54.6946047)
14,food,20.5082732,54.7217095,POINT (20.5082732 54.7217095)
15,atm,20.5083501,54.7211966,POINT (20.5083501 54.7211966)
16,railway,20.003411,54.7321626,POINT (20.003411 54.7321626)
17,atm,20.517126,54.7045296,POINT (20.517126 54.7045296)
18,atm,20.5041664,54.7430939,POINT (20.5041664 54.7430939)
19,railway,21.6440825,54.8825905,POINT (21.6440825 54.8825905)
20,food,20.5365306,54.7132937,POINT (20.5365306 54.7132937)
21,food,20.5547116,54.6985239,POINT (20.5547116 54.6985239)
22,college,20.5300284,54.71753,POINT (20.5300284 54.71753)
23,college,20.5299033,54.7175069,POINT (20.5299033 54.7175069)
24,food,20.5267752,54.722288,POINT (20.5267752 54.722288)
25,atm,20.5536474,54.7099896,POINT (20.5536474 54.7099896)
26,food,20.1416569,54.9398842,POINT (20.1416569 54.9398842)
27,food,20.8533427,55.1542063,POINT (20.8533427 55.1542063)
28,railway,20.6232621,54.6519169,POINT (20.6232621 54.6519169)
29,food,20.4812419,54.7283824,POINT (20.4812419 54.7283824)
30,bank,20.4803294,54.7284151,POINT (20.4803294 54.7284151)
31,atm,20.501508,54.6723981,POINT (20.501508 54.6723981)
32,food,20.5016013,54.6725857,POINT (20.5016013 54.6725857)
33,food,20.1536208,54.9434383,POINT (20.1536208 54.9434383)
34,food,20.1530218,54.9438853,POINT (20.1530218 54.9438853)
35,food,20.1474081,54.9433125,POINT (20.1474081 54.9433125)
36,food,20.1537388,54.9433582,POINT (20.1537388 54.9433582)
37,food,20.1523078,54.9438175,POINT (20.1523078 54.9438175)
38,railway,20.3582769,54.6452612,POINT (20.3582769 54.6452612)
39,food,20.4889543,54.7226571,POINT (20.4889543 54.7226571)
40,railway,20.4919956,54.6881068,POINT (20.4919956 54.6881068)
41,hospital,20.0080723,54.7293616,POINT (20.0080723 54.7293616)
42,food,20.6685767,55.0486529,POINT (20.6685767 55.0486529)
43,bank,20.4803674,54.7209394,POINT (20.4803674 54.7209394)
44,atm,20.4794488,54.7206296,POINT (20.4794488 54.7206296)
45,atm,20.483778,54.7206244,POINT (20.483778 54.7206244)
46,railway,21.1007028,54.855507,POINT (21.1007028 54.855507)
47,railway,21.2148791,54.6149608,POINT (21.2148791 54.6149608)
48,railway,22.5788975,54.6286255,POINT (22.5788975 54.6286255)
49,college,20.5114404,54.7008873,POINT (20.5114404 54.7008873)
50,college,20.4533764,54.7201229,POINT (20.4533764 54.7201229)
51,college,20.477103,54.7269657,POINT (20.477103 54.7269657)
52,college,20.4775247,54.7270668,POINT (20.4775247 54.7270668)
53,college,20.4840783,54.7344399,POINT (20.4840783 54.7344399)
54,college,20.483871,54.7345711,POINT (20.483871 54.7345711)
55,school,20.5099328,54.739398,POINT (20.5099328 54.739398)
56,college,20.5092664,54.7393517,POINT (20.5092664 54.7393517)
57,college,20.5274891,54.7247485,POINT (20.5274891 54.7247485)
58,college,20.521885,54.7097999,POINT (20.521885 54.7097999)
59,college,20.5219095,54.7096612,POINT (20.5219095 54.7096612)
60,food,20.4970055,54.7206538,POINT (20.4970055 54.7206538)
61,college,20.4981101,54.7209581,POINT (20.4981101 54.7209581)
62,food,20.4961167,54.7219543,POINT (20.4961167 54.7219543)
63,college,20.5033907,54.7258013,POINT (20.5033907 54.7258013)
64,college,20.5001701,54.7256399,POINT (20.5001701 54.7256399)
65,college,20.500343,54.7265127,POINT (20.500343 54.7265127)
66,college,20.5005258,54.7264907,POINT (20.5005258 54.7264907)
67,college,20.4771253,54.7297524,POINT (20.4771253 54.7297524)
68,college,20.5021193,54.7091023,POINT (20.5021193 54.7091023)
69,college,20.4889455,54.7146223,POINT (20.4889455 54.7146223)
70,college,20.5037127,54.7023126,POINT (20.5037127 54.7023126)
71,college,20.5037645,54.7019567,POINT (20.5037645 54.7019567)
72,kgarden,20.5045667,54.6808279,POINT (20.5045667 54.6808279)
73,college,20.50251,54.7090724,POINT (20.50251 54.7090724)
74,college,20.4581412,54.7118468,POINT (20.4581412 54.7118468)
75,college,20.5213438,54.7113348,POINT (20.5213438 54.7113348)
76,office,20.5174729,54.7436038,POINT (20.5174729 54.7436038)
77,bank,20.5247112,54.7321077,POINT (20.5247112 54.7321077)
78,college,20.5312746,54.7132902,POINT (20.5312746 54.7132902)
79,office,20.547291,54.7590192,POINT (20.547291 54.7590192)
80,bank,20.5259503,54.6815353,POINT (20.5259503 54.6815353)
81,atm,20.4838795,54.7276788,POINT (20.4838795 54.7276788)
82,bank,20.483836,54.7276951,POINT (20.483836 54.7276951)
83,atm,20.4755554,54.6810827,POINT (20.4755554 54.6810827)
84,food,20.4829208,54.7284396,POINT (20.4829208 54.7284396)
85,food,20.47548,54.6813846,POINT (20.47548 54.6813846)
86,food,20.4830002,54.6799497,POINT (20.4830002 54.6799497)
87,office,20.4837847,54.6836307,POINT (20.4837847 54.6836307)
88,food,20.4718234,54.6790757,POINT (20.4718234 54.6790757)
89,bank,20.4955834,54.7398296,POINT (20.4955834 54.7398296)
90,bank,20.469367,54.7250464,POINT (20.469367 54.7250464)
91,food,20.5011206,54.669067,POINT (20.5011206 54.669067)
92,bank,20.5089701,54.669608,POINT (20.5089701 54.669608)
93,atm,20.4949594,54.7414508,POINT (20.4949594 54.7414508)
94,bank,20.5211664,54.7115099,POINT (20.5211664 54.7115099)
95,bank,20.5026923,54.7159555,POINT (20.5026923 54.7159555)
96,food,21.0680602,54.6475308,POINT (21.0680602 54.6475308)
97,atm,20.4976117,54.7242129,POINT (20.4976117 54.7242129)
98,school,21.9233928,54.4754988,POINT (21.9233928 54.4754988)
99,kgarden,21.9242988,54.4774588,POINT (21.9242988 54.4774588)
100,food,22.2017853,54.5927386,POINT (22.2017853 54.5927386)
101,bank,20.5051178,54.7036799,POINT (20.5051178 54.7036799)
102,food,20.5093112,54.7216786,POINT (20.5093112 54.7216786)
103,food,20.471216,54.9584989,POINT (20.471216 54.9584989)
104,food,20.4538677,54.7517938,POINT (20.4538677 54.7517938)
105,atm,20.5004466,54.7167634,POINT (20.5004466 54.7167634)
106,bank,20.502906,54.7158614,POINT (20.502906 54.7158614)
107,food,20.5023154,54.7186428,POINT (20.5023154 54.7186428)
108,bank,20.4995112,54.7233911,POINT (20.4995112 54.7233911)
109,bank,20.4977043,54.7248896,POINT (20.4977043 54.7248896)
110,bank,20.494999,54.7269068,POINT (20.494999 54.7269068)
111,atm,20.5266103,54.6926638,POINT (20.5266103 54.6926638)
112,atm,19.9417563,54.8712827,POINT (19.9417563 54.8712827)
113,food,19.9371912,54.8779774,POINT (19.9371912 54.8779774)
114,food,19.9378869,54.8666072,POINT (19.9378869 54.8666072)
115,food,20.1465109,54.9445604,POINT (20.1465109 54.9445604)
116,food,22.0279752,55.0383814,POINT (22.0279752 55.0383814)
117,food,21.8063124,54.6604485,POINT (21.8063124 54.6604485)
118,school,20.52455,54.736412,POINT (20.52455 54.736412)
119,atm,20.5270945,54.7356454,POINT (20.5270945 54.7356454)
120,bank,20.5015687,54.67213,POINT (20.5015687 54.67213)
121,bank,20.5003189,54.670645,POINT (20.5003189 54.670645)
122,bank,22.2026569,54.5936979,POINT (22.2026569 54.5936979)
123,bank,22.1997489,54.5900226,POINT (22.1997489 54.5900226)
124,hospital,20.4466131,54.7694839,POINT (20.4466131 54.7694839)
125,railway,22.1987383,54.5848768,POINT (22.1987383 54.5848768)
126,bank,20.4583397,54.7366145,POINT (20.4583397 54.7366145)
127,food,20.4866097,54.7198009,POINT (20.4866097 54.7198009)
128,food,20.5022224,54.7183387,POINT (20.5022224 54.7183387)
129,food,20.4717421,54.7209603,POINT (20.4717421 54.7209603)
130,food,20.5291628,54.7270355,POINT (20.5291628 54.7270355)
131,food,20.4734265,54.7206628,POINT (20.4734265 54.7206628)
132,food,20.5280853,54.7269124,POINT (20.5280853 54.7269124)
133,food,20.5289375,54.7281228,POINT (20.5289375 54.7281228)
134,food,20.5304211,54.7312728,POINT (20.5304211 54.7312728)
135,bank,20.523382,54.7361703,POINT (20.523382 54.7361703)
136,bank,20.5315688,54.7404514,POINT (20.5315688 54.7404514)
137,food,20.5188524,54.7205482,POINT (20.5188524 54.7205482)
138,food,20.5137026,54.7202167,POINT (20.5137026 54.7202167)
139,food,20.4951417,54.718748,POINT (20.4951417 54.718748)
140,bank,20.5832483,54.7404451,POINT (20.5832483 54.7404451)
141,bank,20.5222487,54.7150012,POINT (20.5222487 54.7150012)
142,food,20.5076562,54.7130176,POINT (20.5076562 54.7130176)
143,food,20.504752,54.7137613,POINT (20.504752 54.7137613)
144,food,20.5006204,54.7191788,POINT (20.5006204 54.7191788)
145,food,20.5002808,54.7190584,POINT (20.5002808 54.7190584)
146,food,20.5090876,54.7216561,POINT (20.5090876 54.7216561)
147,food,20.4982298,54.7202879,POINT (20.4982298 54.7202879)
148,atm,20.5318099,54.7416891,POINT (20.5318099 54.7416891)
149,food,20.5320766,54.7419022,POINT (20.5320766 54.7419022)
150,atm,20.4949665,54.7414429,POINT (20.4949665 54.7414429)
151,bank,20.4674348,54.6816786,POINT (20.4674348 54.6816786)
152,food,22.2167682,54.5925309,POINT (22.2167682 54.5925309)
153,atm,20.5003028,54.6716981,POINT (20.5003028 54.6716981)
154,bank,20.3335923,54.6480433,POINT (20.3335923 54.6480433)
155,atm,20.3403345,54.6487023,POINT (20.3403345 54.6487023)
156,atm,20.6368505,54.3854356,POINT (20.6368505 54.3854356)
157,atm,20.5062108,54.7023001,POINT (20.5062108 54.7023001)
158,atm,20.5061483,54.7023096,POINT (20.5061483 54.7023096)
159,bank,20.499461,54.7098399,POINT (20.499461 54.7098399)
160,atm,20.4993705,54.709849,POINT (20.4993705 54.709849)
161,food,20.5037581,54.7119657,POINT (20.5037581 54.7119657)
162,bank,20.505004,54.7101282,POINT (20.505004 54.7101282)
163,bank,20.6399486,54.3869511,POINT (20.6399486 54.3869511)
164,food,20.5027473,54.7173398,POINT (20.5027473 54.7173398)
165,food,19.9356114,54.8834345,POINT (19.9356114 54.8834345)
166,food,19.9359333,54.8830302,POINT (19.9359333 54.8830302)
167,food,19.9331116,54.8850113,POINT (19.9331116 54.8850113)
168,food,19.934773,54.8840644,POINT (19.934773 54.8840644)
169,food,19.9364806,54.8830424,POINT (19.9364806 54.8830424)
170,food,19.9342918,54.8845916,POINT (19.9342918 54.8845916)
171,food,19.9352574,54.8832956,POINT (19.9352574 54.8832956)
172,food,19.9382829,54.8672707,POINT (19.9382829 54.8672707)
173,bank,20.5104093,54.6996715,POINT (20.5104093 54.6996715)
174,atm,21.1075288,54.8603772,POINT (21.1075288 54.8603772)
175,atm,21.1039907,54.8630338,POINT (21.1039907 54.8630338)
176,bank,21.1021319,54.8580423,POINT (21.1021319 54.8580423)
177,bank,20.4994449,54.718213,POINT (20.4994449 54.718213)
178,food,20.5011642,54.718056,POINT (20.5011642 54.718056)
179,bank,20.5008595,54.718816,POINT (20.5008595 54.718816)
180,bank,20.5011426,54.7186717,POINT (20.5011426 54.7186717)
181,food,20.5012198,54.7181776,POINT (20.5012198 54.7181776)
182,food,20.5010777,54.7184341,POINT (20.5010777 54.7184341)
183,food,20.5007443,54.7177006,POINT (20.5007443 54.7177006)
184,food,22.0324223,55.0370441,POINT (22.0324223 55.0370441)
185,food,20.5831234,54.7418364,POINT (20.5831234 54.7418364)
186,food,20.5114388,54.7009971,POINT (20.5114388 54.7009971)
187,bank,20.4706283,54.7168764,POINT (20.4706283 54.7168764)
188,hospital,20.483226,54.7221019,POINT (20.483226 54.7221019)
189,food,20.4451949,54.7654668,POINT (20.4451949 54.7654668)
190,bank,20.4970998,54.7195471,POINT (20.4970998 54.7195471)
191,food,20.5031723,54.7147826,POINT (20.5031723 54.7147826)
192,food,20.5091896,54.7203746,POINT (20.5091896 54.7203746)
193,atm,20.5094236,54.7353665,POINT (20.5094236 54.7353665)
194,food,20.4973962,54.7144847,POINT (20.4973962 54.7144847)
195,bank,19.8993476,54.6469158,POINT (19.8993476 54.6469158)
196,railway,21.5437343,54.6195563,POINT (21.5437343 54.6195563)
197,railway,21.6535506,54.6148614,POINT (21.6535506 54.6148614)
198,railway,21.6609342,54.5553101,POINT (21.6609342 54.5553101)
199,railway,19.9286516,54.6381024,POINT (19.9286516 54.6381024)
200,food,20.4689921,54.7265683,POINT (20.4689921 54.7265683)
201,hospital,20.5301984,54.7260094,POINT (20.5301984 54.7260094)
202,atm,20.473843,54.7375399,POINT (20.473843 54.7375399)
203,atm,20.4739932,54.7379945,POINT (20.4739932 54.7379945)
204,bank,20.4477741,54.7715354,POINT (20.4477741 54.7715354)
205,hospital,20.4850534,54.7175146,POINT (20.4850534 54.7175146)
206,food,20.5033765,54.7154993,POINT (20.5033765 54.7154993)
207,bank,20.4960906,54.6779261,POINT (20.4960906 54.6779261)
208,railway,21.8188745,54.6285883,POINT (21.8188745 54.6285883)
209,atm,20.5097278,54.7252856,POINT (20.5097278 54.7252856)
210,atm,20.5092001,54.7261653,POINT (20.5092001 54.7261653)
211,food,20.5075221,54.7366511,POINT (20.5075221 54.7366511)
212,bank,20.5170762,54.7104107,POINT (20.5170762 54.7104107)
213,atm,20.5011322,54.6696908,POINT (20.5011322 54.6696908)
214,atm,20.5256466,54.6954142,POINT (20.5256466 54.6954142)
215,atm,20.5039551,54.70162,POINT (20.5039551 54.70162)
216,atm,20.4955806,54.7068118,POINT (20.4955806 54.7068118)
217,atm,20.5028893,54.7093907,POINT (20.5028893 54.7093907)
218,atm,20.5010915,54.71851,POINT (20.5010915 54.71851)
219,atm,20.4492077,54.7217191,POINT (20.4492077 54.7217191)
220,atm,20.5094109,54.7354847,POINT (20.5094109 54.7354847)
221,atm,20.4860922,54.7380437,POINT (20.4860922 54.7380437)
222,atm,20.4953197,54.7410069,POINT (20.4953197 54.7410069)
223,atm,20.4649253,54.7423185,POINT (20.4649253 54.7423185)
224,bank,22.2034733,54.5943977,POINT (22.2034733 54.5943977)
225,food,20.4949678,54.7244605,POINT (20.4949678 54.7244605)
226,bank,20.5434814,54.710492,POINT (20.5434814 54.710492)
227,atm,20.5249758,54.6957215,POINT (20.5249758 54.6957215)
228,food,20.4684207,54.7265721,POINT (20.4684207 54.7265721)
229,food,20.4952859,54.7259775,POINT (20.4952859 54.7259775)
230,school,20.4817951,54.7223618,POINT (20.4817951 54.7223618)
231,bank,20.5104133,54.7199642,POINT (20.5104133 54.7199642)
232,atm,20.5004215,54.7167416,POINT (20.5004215 54.7167416)
233,atm,20.5006964,54.71764,POINT (20.5006964 54.71764)
234,food,20.1392616,54.6763229,POINT (20.1392616 54.6763229)
235,food,20.2136843,54.6992337,POINT (20.2136843 54.6992337)
236,atm,22.0261297,55.038922,POINT (22.0261297 55.038922)
237,railway,20.1878338,54.7409238,POINT (20.1878338 54.7409238)
238,bank,20.5067759,54.7215471,POINT (20.5067759 54.7215471)
239,atm,20.5069488,54.7211461,POINT (20.5069488 54.7211461)
240,bank,20.5298044,54.7268774,POINT (20.5298044 54.7268774)
241,atm,20.5297573,54.72674,POINT (20.5297573 54.72674)
242,atm,20.1290934,54.6710978,POINT (20.1290934 54.6710978)
243,atm,20.2490332,54.6889292,POINT (20.2490332 54.6889292)
244,atm,20.5825718,54.7416582,POINT (20.5825718 54.7416582)
245,atm,20.610669,54.7702398,POINT (20.610669 54.7702398)
246,atm,20.6033651,54.77459,POINT (20.6033651 54.77459)
247,atm,20.4820883,54.9543561,POINT (20.4820883 54.9543561)
248,atm,20.5029199,54.6876812,POINT (20.5029199 54.6876812)
249,atm,20.5709356,54.7372188,POINT (20.5709356 54.7372188)
250,atm,20.501573,54.6720414,POINT (20.501573 54.6720414)
251,atm,20.5053518,54.6990321,POINT (20.5053518 54.6990321)
252,atm,20.502435,54.7136699,POINT (20.502435 54.7136699)
253,atm,20.4903954,54.7197297,POINT (20.4903954 54.7197297)
254,bank,20.4903461,54.7197481,POINT (20.4903461 54.7197481)
255,atm,20.5226537,54.7161494,POINT (20.5226537 54.7161494)
256,atm,20.5309914,54.7317456,POINT (20.5309914 54.7317456)
257,atm,20.4738393,54.7375973,POINT (20.4738393 54.7375973)
258,atm,20.4862643,54.7379763,POINT (20.4862643 54.7379763)
259,atm,21.0665687,54.6499673,POINT (21.0665687 54.6499673)
260,atm,20.5145214,54.7052857,POINT (20.5145214 54.7052857)
261,atm,20.54312,54.7103358,POINT (20.54312 54.7103358)
262,atm,20.5298288,54.7133513,POINT (20.5298288 54.7133513)
263,atm,20.6040138,54.7169875,POINT (20.6040138 54.7169875)
264,atm,20.5126943,54.7174404,POINT (20.5126943 54.7174404)
265,atm,20.5093704,54.7355254,POINT (20.5093704 54.7355254)
266,atm,20.4662383,54.7432719,POINT (20.4662383 54.7432719)
267,atm,20.1662584,54.9310622,POINT (20.1662584 54.9310622)
268,atm,20.5008128,54.7165698,POINT (20.5008128 54.7165698)
269,atm,20.5007097,54.7176551,POINT (20.5007097 54.7176551)
270,atm,20.5002863,54.7194095,POINT (20.5002863 54.7194095)
271,atm,20.4731899,54.720682,POINT (20.4731899 54.720682)
272,atm,20.5041265,54.7431432,POINT (20.5041265 54.7431432)
273,atm,20.4821278,54.7351678,POINT (20.4821278 54.7351678)
274,atm,20.1773022,54.4400966,POINT (20.1773022 54.4400966)
275,atm,20.1876568,54.6954576,POINT (20.1876568 54.6954576)
276,atm,20.4428223,54.7101187,POINT (20.4428223 54.7101187)
277,atm,20.5083816,54.7116329,POINT (20.5083816 54.7116329)
278,atm,20.507013,54.7212813,POINT (20.507013 54.7212813)
279,atm,20.472493,54.6815087,POINT (20.472493 54.6815087)
280,hospital,20.5163172,54.7319851,POINT (20.5163172 54.7319851)
281,food,20.1426299,54.4621537,POINT (20.1426299 54.4621537)
282,food,20.1563772,54.944759,POINT (20.1563772 54.944759)
283,bank,20.5085458,54.7124769,POINT (20.5085458 54.7124769)
284,bank,20.501326,54.7254564,POINT (20.501326 54.7254564)
285,food,21.1298116,54.6619305,POINT (21.1298116 54.6619305)
286,atm,20.1347373,54.9431072,POINT (20.1347373 54.9431072)
287,atm,20.134775,54.9431123,POINT (20.134775 54.9431123)
288,food,21.3408642,54.6502342,POINT (21.3408642 54.6502342)
289,food,22.1992144,54.589568,POINT (22.1992144 54.589568)
290,food,22.2131563,54.6027709,POINT (22.2131563 54.6027709)
291,railway,19.8968157,54.6444005,POINT (19.8968157 54.6444005)
292,railway,20.6310643,54.7926466,POINT (20.6310643 54.7926466)
293,railway,22.0268202,55.0306645,POINT (22.0268202 55.0306645)
294,railway,21.6597051,55.0431431,POINT (21.6597051 55.0431431)
295,railway,21.8800783,55.0836925,POINT (21.8800783 55.0836925)
296,railway,20.6479633,54.3926912,POINT (20.6479633 54.3926912)
297,railway,20.5621036,54.5857604,POINT (20.5621036 54.5857604)
298,railway,20.8956218,54.6304866,POINT (20.8956218 54.6304866)
299,railway,20.1189954,54.6739038,POINT (20.1189954 54.6739038)
300,railway,20.5006171,54.7217307,POINT (20.5006171 54.7217307)
301,railway,20.498572,54.6933655,POINT (20.498572 54.6933655)
302,railway,20.5322576,54.7461698,POINT (20.5322576 54.7461698)
303,hospital,20.125314,54.676567,POINT (20.125314 54.676567)
304,food,20.1403577,54.6806638,POINT (20.1403577 54.6806638)
305,food,20.1394328,54.679274,POINT (20.1394328 54.679274)
306,bank,20.1323307,54.6729521,POINT (20.1323307 54.6729521)
307,atm,20.1323379,54.6730387,POINT (20.1323379 54.6730387)
308,food,20.500168,54.7231829,POINT (20.500168 54.7231829)
309,atm,20.4477756,54.7714878,POINT (20.4477756 54.7714878)
310,food,20.4812437,54.7286449,POINT (20.4812437 54.7286449)
311,atm,20.1383081,54.6768015,POINT (20.1383081 54.6768015)
312,atm,20.4769595,54.7296036,POINT (20.4769595 54.7296036)
313,atm,20.4428986,54.7101366,POINT (20.4428986 54.7101366)
314,hospital,20.5069929,54.7408992,POINT (20.5069929 54.7408992)
315,hospital,20.4968552,54.7425364,POINT (20.4968552 54.7425364)
316,office,20.5133208,54.6988726,POINT (20.5133208 54.6988726)
317,food,20.4430155,54.7100362,POINT (20.4430155 54.7100362)
318,atm,20.4430505,54.7101724,POINT (20.4430505 54.7101724)
319,office,20.4456877,54.7115709,POINT (20.4456877 54.7115709)
320,food,20.4525929,54.7136677,POINT (20.4525929 54.7136677)
321,atm,20.4840232,54.9637195,POINT (20.4840232 54.9637195)
322,food,21.8948936,55.07565,POINT (21.8948936 55.07565)
323,food,20.4329948,54.7094841,POINT (20.4329948 54.7094841)
324,food,22.0164512,54.4084865,POINT (22.0164512 54.4084865)
325,bank,22.0129184,54.4100506,POINT (22.0129184 54.4100506)
326,bank,20.5968642,54.7802234,POINT (20.5968642 54.7802234)
327,bank,20.4995482,54.7098361,POINT (20.4995482 54.7098361)
328,bank,20.4992789,54.7098586,POINT (20.4992789 54.7098586)
329,bank,20.5018527,54.7248699,POINT (20.5018527 54.7248699)
330,atm,20.1506131,54.9439293,POINT (20.1506131 54.9439293)
331,food,20.4749977,54.720803,POINT (20.4749977 54.720803)
332,atm,20.5316219,54.731363,POINT (20.5316219 54.731363)
333,atm,20.5367754,54.7261315,POINT (20.5367754 54.7261315)
334,food,20.5375157,54.7257598,POINT (20.5375157 54.7257598)
335,atm,20.5348637,54.7262062,POINT (20.5348637 54.7262062)
336,bank,20.4988805,54.7178011,POINT (20.4988805 54.7178011)
337,atm,20.5734272,54.682093,POINT (20.5734272 54.682093)
338,food,20.4965783,54.72433,POINT (20.4965783 54.72433)
339,bank,20.4972735,54.7242335,POINT (20.4972735 54.7242335)
340,bank,20.4954493,54.7246884,POINT (20.4954493 54.7246884)
341,atm,20.4945879,54.7245109,POINT (20.4945879 54.7245109)
342,atm,20.4954207,54.7246912,POINT (20.4954207 54.7246912)
343,kgarden,21.8082504,54.6260732,POINT (21.8082504 54.6260732)
344,atm,20.141758,54.9412244,POINT (20.141758 54.9412244)
345,atm,20.4648995,54.7421207,POINT (20.4648995 54.7421207)
346,atm,20.472822,54.9592874,POINT (20.472822 54.9592874)
347,atm,20.4797709,54.9621546,POINT (20.4797709 54.9621546)
348,food,20.1402705,54.6805944,POINT (20.1402705 54.6805944)
349,atm,20.4469696,54.7727671,POINT (20.4469696 54.7727671)
350,food,20.4973769,54.758781,POINT (20.4973769 54.758781)
351,bank,20.4657405,54.7225141,POINT (20.4657405 54.7225141)
352,food,19.8920549,54.6590944,POINT (19.8920549 54.6590944)
353,food,20.4924361,54.9637803,POINT (20.4924361 54.9637803)
354,bank,20.4625524,54.952695,POINT (20.4625524 54.952695)
355,bank,20.4991841,54.7189834,POINT (20.4991841 54.7189834)
356,food,20.4768975,54.7178403,POINT (20.4768975 54.7178403)
357,atm,20.4729396,54.6935923,POINT (20.4729396 54.6935923)
358,food,21.8847322,55.0757992,POINT (21.8847322 55.0757992)
359,food,21.8856522,55.0779887,POINT (21.8856522 55.0779887)
360,atm,20.5023435,54.7084756,POINT (20.5023435 54.7084756)
361,atm,20.5028923,54.7093557,POINT (20.5028923 54.7093557)
362,office,21.8879339,55.0820405,POINT (21.8879339 55.0820405)
363,food,20.2243606,54.9490302,POINT (20.2243606 54.9490302)
364,food,20.2266137,54.953548,POINT (20.2266137 54.953548)
365,atm,20.2256187,54.9498171,POINT (20.2256187 54.9498171)
366,atm,20.2255618,54.9498218,POINT (20.2255618 54.9498218)
367,atm,20.1470496,54.944099,POINT (20.1470496 54.944099)
368,office,20.4501842,54.7234544,POINT (20.4501842 54.7234544)
369,food,20.2257803,54.9543315,POINT (20.2257803 54.9543315)
370,food,20.2249918,54.9543684,POINT (20.2249918 54.9543684)
371,food,20.503583,54.7422252,POINT (20.503583 54.7422252)
372,office,20.530746,54.6832791,POINT (20.530746 54.6832791)
373,food,20.5098197,54.6996115,POINT (20.5098197 54.6996115)
374,food,20.4816025,54.7254607,POINT (20.4816025 54.7254607)
375,food,20.5623253,54.7295924,POINT (20.5623253 54.7295924)
376,college,20.5100635,54.7166207,POINT (20.5100635 54.7166207)
377,bank,20.495556,54.7257524,POINT (20.495556 54.7257524)
378,food,20.4965969,54.7335063,POINT (20.4965969 54.7335063)
379,food,20.4965488,54.733593,POINT (20.4965488 54.733593)
380,food,20.4852493,54.7211335,POINT (20.4852493 54.7211335)
381,food,20.4791031,54.7271881,POINT (20.4791031 54.7271881)
382,bank,20.4819135,54.7287572,POINT (20.4819135 54.7287572)
383,bank,20.4850445,54.7175991,POINT (20.4850445 54.7175991)
384,bank,20.1283755,54.6711738,POINT (20.1283755 54.6711738)
385,bank,20.4820483,54.6820882,POINT (20.4820483 54.6820882)
386,atm,20.4744377,54.6813835,POINT (20.4744377 54.6813835)
387,atm,20.4824049,54.6817542,POINT (20.4824049 54.6817542)
388,college,20.5100083,54.7393222,POINT (20.5100083 54.7393222)
389,atm,20.5845254,54.7444631,POINT (20.5845254 54.7444631)
390,office,20.5006962,54.7529863,POINT (20.5006962 54.7529863)
391,hospital,20.4964138,54.7442667,POINT (20.4964138 54.7442667)
392,food,21.0708017,54.6472063,POINT (21.0708017 54.6472063)
393,office,20.469949,54.7162151,POINT (20.469949 54.7162151)
394,atm,20.505718,54.743165,POINT (20.505718 54.743165)
395,atm,20.5071226,54.7215162,POINT (20.5071226 54.7215162)
396,atm,20.5095543,54.7251038,POINT (20.5095543 54.7251038)
397,atm,20.5052692,54.7398504,POINT (20.5052692 54.7398504)
398,food,19.8954641,54.6445206,POINT (19.8954641 54.6445206)
399,office,20.502899,54.7092959,POINT (20.502899 54.7092959)
400,bank,20.5059525,54.7035833,POINT (20.5059525 54.7035833)
401,bank,20.5232596,54.7199485,POINT (20.5232596 54.7199485)
402,atm,20.5080829,54.6684843,POINT (20.5080829 54.6684843)
403,atm,20.5299526,54.6905231,POINT (20.5299526 54.6905231)
404,atm,20.5036442,54.6987907,POINT (20.5036442 54.6987907)
405,atm,20.5305009,54.7101327,POINT (20.5305009 54.7101327)
406,atm,20.4996573,54.7180753,POINT (20.4996573 54.7180753)
407,atm,20.5232632,54.7199647,POINT (20.5232632 54.7199647)
408,atm,20.4754141,54.7206243,POINT (20.4754141 54.7206243)
409,atm,20.5068859,54.7211395,POINT (20.5068859 54.7211395)
410,atm,20.4523997,54.7213688,POINT (20.4523997 54.7213688)
411,atm,20.499532,54.7222577,POINT (20.499532 54.7222577)
412,atm,20.4782193,54.7271064,POINT (20.4782193 54.7271064)
413,atm,20.4861762,54.7380143,POINT (20.4861762 54.7380143)
414,atm,20.5038104,54.7394749,POINT (20.5038104 54.7394749)
415,atm,20.4406684,54.7606748,POINT (20.4406684 54.7606748)
416,atm,20.5936751,54.7764593,POINT (20.5936751 54.7764593)
417,office,20.5089659,54.7274946,POINT (20.5089659 54.7274946)
418,atm,20.4873569,54.737613,POINT (20.4873569 54.737613)
419,bank,20.487294,54.7376329,POINT (20.487294 54.7376329)
420,office,20.5376034,54.7240115,POINT (20.5376034 54.7240115)
421,gov_building,20.4966104,54.7195813,POINT (20.4966104 54.7195813)
422,food,20.4756397,54.7199882,POINT (20.4756397 54.7199882)
423,bank,20.4932529,54.7276475,POINT (20.4932529 54.7276475)
424,atm,20.500321,54.7212461,POINT (20.500321 54.7212461)
425,bank,20.5068454,54.703877,POINT (20.5068454 54.703877)
426,bank,20.5048622,54.7016717,POINT (20.5048622 54.7016717)
427,food,20.5050322,54.6990056,POINT (20.5050322 54.6990056)
428,atm,20.5171086,54.7046632,POINT (20.5171086 54.7046632)
429,atm,20.5171322,54.7046632,POINT (20.5171322 54.7046632)
430,bank,20.5088989,54.6972439,POINT (20.5088989 54.6972439)
431,atm,20.5248922,54.6957406,POINT (20.5248922 54.6957406)
432,food,20.5223656,54.7150649,POINT (20.5223656 54.7150649)
433,food,20.5055768,54.7400685,POINT (20.5055768 54.7400685)
434,office,20.5369575,54.7115753,POINT (20.5369575 54.7115753)
435,office,20.5368111,54.7116705,POINT (20.5368111 54.7116705)
436,bank,20.3499487,54.7267427,POINT (20.3499487 54.7267427)
437,bank,20.5037646,54.6996295,POINT (20.5037646 54.6996295)
438,bank,20.5057196,54.7197313,POINT (20.5057196 54.7197313)
439,food,20.507521,54.7201319,POINT (20.507521 54.7201319)
440,atm,20.5046917,54.7431426,POINT (20.5046917 54.7431426)
441,food,19.942706,54.8786042,POINT (19.942706 54.8786042)
442,hospital,19.9388972,54.8755194,POINT (19.9388972 54.8755194)
443,food,19.9398736,54.8758404,POINT (19.9398736 54.8758404)
444,food,20.5006757,54.7205737,POINT (20.5006757 54.7205737)
445,hospital,20.0372364,54.9427801,POINT (20.0372364 54.9427801)
446,food,19.9410071,54.8685495,POINT (19.9410071 54.8685495)
447,kgarden,19.9477018,54.8539794,POINT (19.9477018 54.8539794)
448,hospital,20.2350198,54.9490247,POINT (20.2350198 54.9490247)
449,food,20.1471362,54.9441189,POINT (20.1471362 54.9441189)
450,atm,20.2240223,54.9513752,POINT (20.2240223 54.9513752)
451,atm,20.5017696,54.6934502,POINT (20.5017696 54.6934502)
452,hospital,20.1379586,54.677798,POINT (20.1379586 54.677798)
453,bank,20.1370087,54.6784005,POINT (20.1370087 54.6784005)
454,food,20.1655447,54.9302598,POINT (20.1655447 54.9302598)
455,bank,20.3533645,54.7276428,POINT (20.3533645 54.7276428)
456,bank,20.3533621,54.727625,POINT (20.3533621 54.727625)
457,food,20.8183704,55.1644924,POINT (20.8183704 55.1644924)
458,atm,20.5088234,54.7371578,POINT (20.5088234 54.7371578)
459,food,20.4579936,54.6797616,POINT (20.4579936 54.6797616)
460,food,20.4723702,54.7353552,POINT (20.4723702 54.7353552)
461,office,20.5110393,54.7329014,POINT (20.5110393 54.7329014)
462,office,20.5161711,54.7127193,POINT (20.5161711 54.7127193)
463,office,20.5190711,54.7198775,POINT (20.5190711 54.7198775)
464,food,20.4841706,54.6892517,POINT (20.4841706 54.6892517)
465,food,20.4995321,54.7161207,POINT (20.4995321 54.7161207)
466,school,19.9053778,54.6514581,POINT (19.9053778 54.6514581)
467,bank,19.9005157,54.6475404,POINT (19.9005157 54.6475404)
468,bank,20.5221493,54.7148679,POINT (20.5221493 54.7148679)
469,food,20.8898709,55.2234047,POINT (20.8898709 55.2234047)
470,office,21.8173181,54.6330609,POINT (21.8173181 54.6330609)
471,atm,20.5009784,54.6710688,POINT (20.5009784 54.6710688)
472,food,20.5010935,54.6699563,POINT (20.5010935 54.6699563)
473,food,20.5065272,54.7122515,POINT (20.5065272 54.7122515)
474,hospital,20.7440926,54.7202035,POINT (20.7440926 54.7202035)
475,school,20.7348419,54.7015314,POINT (20.7348419 54.7015314)
476,food,20.7377738,54.7015152,POINT (20.7377738 54.7015152)
477,school,20.7322579,54.7035854,POINT (20.7322579 54.7035854)
478,kgarden,20.7377034,54.7037245,POINT (20.7377034 54.7037245)
479,hospital,20.7386796,54.7040261,POINT (20.7386796 54.7040261)
480,food,21.3540544,54.8248204,POINT (21.3540544 54.8248204)
481,office,20.5860711,54.8829213,POINT (20.5860711 54.8829213)
482,food,20.5881584,54.680346,POINT (20.5881584 54.680346)
483,food,20.1565029,54.9442988,POINT (20.1565029 54.9442988)
484,food,20.5078138,54.6696853,POINT (20.5078138 54.6696853)
485,food,20.5034045,54.7149014,POINT (20.5034045 54.7149014)
486,food,20.5086277,54.7358579,POINT (20.5086277 54.7358579)
487,food,20.52991,54.691255,POINT (20.52991 54.691255)
488,food,20.4968657,54.7336995,POINT (20.4968657 54.7336995)
489,food,20.5138692,54.7425867,POINT (20.5138692 54.7425867)
490,MFC,20.5001899,54.7194741,POINT (20.5001899 54.7194741)
491,atm,20.5002439,54.7194359,POINT (20.5002439 54.7194359)
492,food,20.5009265,54.6741236,POINT (20.5009265 54.6741236)
493,food,20.4886901,54.9569086,POINT (20.4886901 54.9569086)
494,atm,20.3537385,54.7261475,POINT (20.3537385 54.7261475)
495,food,20.4855941,54.7177497,POINT (20.4855941 54.7177497)
496,food,20.5283438,54.7098611,POINT (20.5283438 54.7098611)
497,school,20.5036214,54.7183496,POINT (20.5036214 54.7183496)
498,food,20.4989989,54.717211,POINT (20.4989989 54.717211)
499,atm,20.6041243,54.7169866,POINT (20.6041243 54.7169866)
500,school,21.8188628,54.6354227,POINT (21.8188628 54.6354227)
501,kgarden,20.471707,54.7475751,POINT (20.471707 54.7475751)
502,food,20.4969503,54.689253,POINT (20.4969503 54.689253)
503,atm,20.4872324,54.9560236,POINT (20.4872324 54.9560236)
504,food,20.4828049,54.9597758,POINT (20.4828049 54.9597758)
505,food,20.4815448,54.961536,POINT (20.4815448 54.961536)
506,food,20.505114,54.7142331,POINT (20.505114 54.7142331)
507,food,20.1477322,54.9390804,POINT (20.1477322 54.9390804)
508,food,20.1516347,54.9439508,POINT (20.1516347 54.9439508)
509,bank,19.939836,54.4626918,POINT (19.939836 54.4626918)
510,school,20.5075181,54.7049688,POINT (20.5075181 54.7049688)
511,atm,20.4744871,54.7325059,POINT (20.4744871 54.7325059)
512,hospital,20.4820214,54.7352696,POINT (20.4820214 54.7352696)
513,food,20.4809787,54.7341914,POINT (20.4809787 54.7341914)
514,food,20.8504209,55.1556044,POINT (20.8504209 55.1556044)
515,kgarden,21.0999339,54.8593607,POINT (21.0999339 54.8593607)
516,food,21.1023717,54.8579064,POINT (21.1023717 54.8579064)
517,bank,20.3122569,54.7984687,POINT (20.3122569 54.7984687)
518,food,20.4648209,54.7357739,POINT (20.4648209 54.7357739)
519,atm,20.3722647,54.7152804,POINT (20.3722647 54.7152804)
520,food,20.4809921,54.7341994,POINT (20.4809921 54.7341994)
521,atm,20.3722685,54.7153321,POINT (20.3722685 54.7153321)
522,railway,22.5150308,54.7668268,POINT (22.5150308 54.7668268)
523,railway,22.5998162,54.8365867,POINT (22.5998162 54.8365867)
524,railway,22.7844335,54.8707509,POINT (22.7844335 54.8707509)
525,railway,22.4906909,54.9416597,POINT (22.4906909 54.9416597)
526,food,21.0687654,54.6482069,POINT (21.0687654 54.6482069)
527,food,21.0602608,54.6573361,POINT (21.0602608 54.6573361)
528,kgarden,21.0662783,54.6480367,POINT (21.0662783 54.6480367)
529,food,21.072863,54.6489933,POINT (21.072863 54.6489933)
530,food,21.0732953,54.6484275,POINT (21.0732953 54.6484275)
531,kgarden,21.1355478,54.6441222,POINT (21.1355478 54.6441222)
532,school,20.4734881,54.7345345,POINT (20.4734881 54.7345345)
533,atm,20.4718788,54.7342446,POINT (20.4718788 54.7342446)
534,food,20.4745006,54.736556,POINT (20.4745006 54.736556)
535,food,20.5250337,54.7476143,POINT (20.5250337 54.7476143)
536,atm,20.5031807,54.7189066,POINT (20.5031807 54.7189066)
537,bank,20.5031528,54.7189088,POINT (20.5031528 54.7189088)
538,food,20.4820512,54.7210519,POINT (20.4820512 54.7210519)
539,bank,20.4992799,54.7216569,POINT (20.4992799 54.7216569)
540,food,20.4973614,54.7202783,POINT (20.4973614 54.7202783)
541,atm,20.4992877,54.721673,POINT (20.4992877 54.721673)
542,bank,20.4994092,54.7214083,POINT (20.4994092 54.7214083)
543,food,20.4976183,54.7354872,POINT (20.4976183 54.7354872)
544,food,20.4815999,54.9615623,POINT (20.4815999 54.9615623)
545,food,20.4810678,54.9616495,POINT (20.4810678 54.9616495)
546,atm,20.517098,54.704662,POINT (20.517098 54.704662)
547,food,20.5103948,54.9366201,POINT (20.5103948 54.9366201)
548,atm,20.5389105,54.7321537,POINT (20.5389105 54.7321537)
549,kgarden,20.5757819,54.7102381,POINT (20.5757819 54.7102381)
550,food,20.4875117,54.719723,POINT (20.4875117 54.719723)
551,atm,21.9042205,55.0810847,POINT (21.9042205 55.0810847)
552,atm,20.5002544,54.6690954,POINT (20.5002544 54.6690954)
553,atm,21.8989438,55.0816919,POINT (21.8989438 55.0816919)
554,atm,21.8868177,55.0784183,POINT (21.8868177 55.0784183)
555,office,20.4772609,54.7189589,POINT (20.4772609 54.7189589)
556,food,20.5221967,54.720273,POINT (20.5221967 54.720273)
557,food,21.3407432,54.6508233,POINT (21.3407432 54.6508233)
558,railway,20.1464886,54.944048,POINT (20.1464886 54.944048)
559,atm,20.1367801,54.6763807,POINT (20.1367801 54.6763807)
560,school,20.5820335,54.7096832,POINT (20.5820335 54.7096832)
561,food,22.2304289,54.4223055,POINT (22.2304289 54.4223055)
562,food,20.4995176,54.7223416,POINT (20.4995176 54.7223416)
563,atm,20.4825849,54.6816196,POINT (20.4825849 54.6816196)
564,atm,20.4994173,54.6763081,POINT (20.4994173 54.6763081)
565,bank,19.9098514,54.6549766,POINT (19.9098514 54.6549766)
566,food,20.4375578,54.7129657,POINT (20.4375578 54.7129657)
567,kgarden,20.6078716,54.7699025,POINT (20.6078716 54.7699025)
568,food,20.5941333,54.7768584,POINT (20.5941333 54.7768584)
569,food,20.5922128,54.7749493,POINT (20.5922128 54.7749493)
570,hospital,20.6105846,54.7702433,POINT (20.6105846 54.7702433)
571,food,20.6140208,54.7745529,POINT (20.6140208 54.7745529)
572,hospital,20.6378097,54.7926513,POINT (20.6378097 54.7926513)
573,food,20.6149392,54.7729775,POINT (20.6149392 54.7729775)
574,hospital,20.5926757,54.7770744,POINT (20.5926757 54.7770744)
575,food,19.8891293,54.6473925,POINT (19.8891293 54.6473925)
576,school,20.5132254,54.6744379,POINT (20.5132254 54.6744379)
577,food,20.4737719,54.7360282,POINT (20.4737719 54.7360282)
578,food,19.9129804,54.6549901,POINT (19.9129804 54.6549901)
579,food,20.4840624,54.9600678,POINT (20.4840624 54.9600678)
580,food,19.9119625,54.6544582,POINT (19.9119625 54.6544582)
581,bank,19.8969087,54.6470776,POINT (19.8969087 54.6470776)
582,food,19.8939824,54.6434792,POINT (19.8939824 54.6434792)
583,food,19.9061811,54.6560321,POINT (19.9061811 54.6560321)
584,bank,20.5099117,54.7199212,POINT (20.5099117 54.7199212)
585,food,20.5092819,54.7279856,POINT (20.5092819 54.7279856)
586,hospital,21.8337307,55.0669678,POINT (21.8337307 55.0669678)
587,atm,20.5941688,54.5503495,POINT (20.5941688 54.5503495)
588,office,20.4553118,54.9515728,POINT (20.4553118 54.9515728)
589,kgarden,20.1590578,54.9454535,POINT (20.1590578 54.9454535)
590,food,20.1587906,54.9452142,POINT (20.1587906 54.9452142)
591,school,21.8132439,54.6277669,POINT (21.8132439 54.6277669)
592,office,20.447405,54.6765807,POINT (20.447405 54.6765807)
593,school,20.6080843,54.7219787,POINT (20.6080843 54.7219787)
594,food,20.4276434,54.7127083,POINT (20.4276434 54.7127083)
595,food,20.476273,54.71758,POINT (20.476273 54.71758)
596,food,20.5084788,54.7128612,POINT (20.5084788 54.7128612)
597,food,20.5052136,54.7245415,POINT (20.5052136 54.7245415)
598,bank,22.0149479,54.4089775,POINT (22.0149479 54.4089775)
599,atm,22.0123774,54.4095952,POINT (22.0123774 54.4095952)
600,food,20.4505831,54.7698055,POINT (20.4505831 54.7698055)
601,food,20.4504114,54.7695393,POINT (20.4504114 54.7695393)
602,food,20.4489684,54.768351,POINT (20.4489684 54.768351)
603,food,20.6141033,55.0111771,POINT (20.6141033 55.0111771)
604,food,20.4701801,54.7261919,POINT (20.4701801 54.7261919)
605,food,20.506109,54.7039361,POINT (20.506109 54.7039361)
606,bank,21.8805507,55.0819012,POINT (21.8805507 55.0819012)
607,office,21.0721242,54.6496425,POINT (21.0721242 54.6496425)
608,office,21.0710208,54.6488927,POINT (21.0710208 54.6488927)
609,office,21.0739535,54.6355049,POINT (21.0739535 54.6355049)
610,bank,21.0755034,54.6372798,POINT (21.0755034 54.6372798)
611,office,21.071726,54.633169,POINT (21.071726 54.633169)
612,airport,20.6173727,54.5135732,POINT (20.6173727 54.5135732)
613,bank,20.4759848,54.7360122,POINT (20.4759848 54.7360122)
614,food,20.4739729,54.7351216,POINT (20.4739729 54.7351216)
615,office,21.0683654,54.6478945,POINT (21.0683654 54.6478945)
616,airport,20.3382741,54.5426929,POINT (20.3382741 54.5426929)
617,food,20.5139617,54.7383453,POINT (20.5139617 54.7383453)
618,office,20.5680661,54.7306601,POINT (20.5680661 54.7306601)
619,food,20.4693989,54.7219635,POINT (20.4693989 54.7219635)
620,food,20.551954,54.7310201,POINT (20.551954 54.7310201)
621,school,21.0720692,54.6554242,POINT (21.0720692 54.6554242)
622,atm,20.1282945,54.6706052,POINT (20.1282945 54.6706052)
623,food,20.4868446,54.7377474,POINT (20.4868446 54.7377474)
624,office,20.5270335,54.7431069,POINT (20.5270335 54.7431069)
625,office,20.4954279,54.7138357,POINT (20.4954279 54.7138357)
626,food,20.4728895,54.9587103,POINT (20.4728895 54.9587103)
627,food,20.47256,54.9586878,POINT (20.47256 54.9586878)
628,atm,20.4731754,54.9580486,POINT (20.4731754 54.9580486)
629,food,21.3148245,54.3608818,POINT (21.3148245 54.3608818)
630,bank,21.30683,54.3567404,POINT (21.30683 54.3567404)
631,food,21.0727017,54.6477781,POINT (21.0727017 54.6477781)
632,office,20.513707,54.7022573,POINT (20.513707 54.7022573)
633,railway,20.0785929,54.7407629,POINT (20.0785929 54.7407629)
634,food,20.4921856,54.6760762,POINT (20.4921856 54.6760762)
635,food,20.4843885,54.9549428,POINT (20.4843885 54.9549428)
636,office,20.5340913,54.7138648,POINT (20.5340913 54.7138648)
637,office,20.5340014,54.7139387,POINT (20.5340014 54.7139387)
638,food,20.4819071,54.735329,POINT (20.4819071 54.735329)
639,food,20.4728224,54.7350937,POINT (20.4728224 54.7350937)
640,food,21.0705033,54.6515031,POINT (21.0705033 54.6515031)
641,food,20.5037878,54.7451121,POINT (20.5037878 54.7451121)
642,bank,21.0731229,54.6472321,POINT (21.0731229 54.6472321)
643,bank,20.5047633,54.6712338,POINT (20.5047633 54.6712338)
644,atm,20.5145297,54.7051697,POINT (20.5145297 54.7051697)
645,atm,20.5433427,54.7102391,POINT (20.5433427 54.7102391)
646,atm,20.5433433,54.7102263,POINT (20.5433433 54.7102263)
647,food,20.4738134,54.7204571,POINT (20.4738134 54.7204571)
648,food,20.4851754,54.7195742,POINT (20.4851754 54.7195742)
649,bank,20.4738219,54.71999,POINT (20.4738219 54.71999)
650,atm,20.473829,54.7200446,POINT (20.473829 54.7200446)
651,kgarden,22.341998,54.7607526,POINT (22.341998 54.7607526)
652,school,22.3459934,54.7530076,POINT (22.3459934 54.7530076)
653,food,20.4763398,54.9602144,POINT (20.4763398 54.9602144)
654,office,20.5479642,54.756177,POINT (20.5479642 54.756177)
655,office,20.474373,54.7190171,POINT (20.474373 54.7190171)
656,food,20.4833291,54.96353,POINT (20.4833291 54.96353)
657,atm,20.4738399,54.7200448,POINT (20.4738399 54.7200448)
658,college,20.6063938,54.6953354,POINT (20.6063938 54.6953354)
659,food,20.5201086,54.685216,POINT (20.5201086 54.685216)
660,office,20.4999257,54.7191625,POINT (20.4999257 54.7191625)
661,atm,20.5126912,54.6688555,POINT (20.5126912 54.6688555)
662,atm,20.5126888,54.6689756,POINT (20.5126888 54.6689756)
663,office,20.5304949,54.7154808,POINT (20.5304949 54.7154808)
664,food,20.5490652,54.7319323,POINT (20.5490652 54.7319323)
665,food,20.469004,54.7436372,POINT (20.469004 54.7436372)
666,food,20.5053395,54.7138383,POINT (20.5053395 54.7138383)
667,food,20.5009877,54.7256134,POINT (20.5009877 54.7256134)
668,food,21.0681199,54.6486508,POINT (21.0681199 54.6486508)
669,food,20.5029421,54.6956846,POINT (20.5029421 54.6956846)
670,food,19.9349713,54.8839731,POINT (19.9349713 54.8839731)
671,food,19.9459229,54.8563805,POINT (19.9459229 54.8563805)
672,food,20.8916451,55.2220032,POINT (20.8916451 55.2220032)
673,food,20.4741152,54.9584973,POINT (20.4741152 54.9584973)
674,food,20.479639,54.7206751,POINT (20.479639 54.7206751)
675,food,20.4941296,54.7261862,POINT (20.4941296 54.7261862)
676,food,20.5183549,54.7002737,POINT (20.5183549 54.7002737)
677,food,20.5852897,54.8827362,POINT (20.5852897 54.8827362)
678,office,20.4674825,54.7156896,POINT (20.4674825 54.7156896)
679,food,19.8946497,54.6386281,POINT (19.8946497 54.6386281)
680,food,20.5853357,54.8826355,POINT (20.5853357 54.8826355)
681,food,20.5255468,54.7479401,POINT (20.5255468 54.7479401)
682,food,20.4963644,54.7252405,POINT (20.4963644 54.7252405)
683,food,20.4962504,54.7246844,POINT (20.4962504 54.7246844)
684,food,20.4969706,54.723656,POINT (20.4969706 54.723656)
685,food,20.4972884,54.7239309,POINT (20.4972884 54.7239309)
686,food,21.9053947,55.0794927,POINT (21.9053947 55.0794927)
687,office,20.4685524,54.6622556,POINT (20.4685524 54.6622556)
688,office,19.9625301,54.8615162,POINT (19.9625301 54.8615162)
689,atm,20.5327477,54.6938161,POINT (20.5327477 54.6938161)
690,food,20.6534993,55.0352877,POINT (20.6534993 55.0352877)
691,railway,22.7344438,54.6369563,POINT (22.7344438 54.6369563)
692,hospital,21.6738007,55.0408393,POINT (21.6738007 55.0408393)
693,food,21.0703214,54.6529433,POINT (21.0703214 54.6529433)
694,food,21.0739235,54.6474034,POINT (21.0739235 54.6474034)
695,food,20.4855811,54.7194293,POINT (20.4855811 54.7194293)
696,food,21.1089046,54.8617935,POINT (21.1089046 54.8617935)
697,railway,19.9348166,54.4641528,POINT (19.9348166 54.4641528)
698,office,20.4584949,54.6669245,POINT (20.4584949 54.6669245)
699,office,20.5191415,54.7194551,POINT (20.5191415 54.7194551)
700,atm,21.072376,54.6506072,POINT (21.072376 54.6506072)
701,food,21.067243,54.6514789,POINT (21.067243 54.6514789)
702,atm,21.0703236,54.6475148,POINT (21.0703236 54.6475148)
703,atm,21.0684648,54.6478634,POINT (21.0684648 54.6478634)
704,atm,21.0650519,54.6509863,POINT (21.0650519 54.6509863)
705,food,20.4968829,54.7142334,POINT (20.4968829 54.7142334)
706,food,20.4639063,54.667977,POINT (20.4639063 54.667977)
707,food,20.4644529,54.735773,POINT (20.4644529 54.735773)
708,atm,20.1738161,54.570881,POINT (20.1738161 54.570881)
709,food,21.8918111,55.0812113,POINT (21.8918111 55.0812113)
710,food,20.5687223,54.5849879,POINT (20.5687223 54.5849879)
711,food,20.505789,54.703145,POINT (20.505789 54.703145)
712,office,21.8832516,55.0718014,POINT (21.8832516 55.0718014)
713,food,21.0726067,54.6474944,POINT (21.0726067 54.6474944)
714,food,21.0706493,54.6494448,POINT (21.0706493 54.6494448)
715,office,21.8078989,54.6346921,POINT (21.8078989 54.6346921)
716,food,21.8068565,54.6359159,POINT (21.8068565 54.6359159)
717,food,21.8072853,54.6359401,POINT (21.8072853 54.6359401)
718,bank,21.81507,54.6345738,POINT (21.81507 54.6345738)
719,food,21.8146727,54.6358323,POINT (21.8146727 54.6358323)
720,hospital,21.0015233,54.4422303,POINT (21.0015233 54.4422303)
721,bank,21.0664646,54.649934,POINT (21.0664646 54.649934)
722,office,20.6192826,54.7807285,POINT (20.6192826 54.7807285)
723,food,20.1559371,54.9407667,POINT (20.1559371 54.9407667)
724,food,22.2038095,54.5947622,POINT (22.2038095 54.5947622)
725,food,22.2037081,54.5947775,POINT (22.2037081 54.5947775)
726,food,20.50365,54.7137319,POINT (20.50365 54.7137319)
727,food,20.5030926,54.7156936,POINT (20.5030926 54.7156936)
728,food,20.5759313,54.7064283,POINT (20.5759313 54.7064283)
729,food,20.4714503,54.9590123,POINT (20.4714503 54.9590123)
730,food,20.506193,54.721208,POINT (20.506193 54.721208)
731,food,20.500094,54.718052,POINT (20.500094 54.718052)
732,food,20.522318,54.715904,POINT (20.522318 54.715904)
733,food,20.509149,54.72152,POINT (20.509149 54.72152)
734,food,20.477618,54.727027,POINT (20.477618 54.727027)
735,food,20.5275745,54.8279953,POINT (20.5275745 54.8279953)
736,food,20.5044258,54.7153409,POINT (20.5044258 54.7153409)
737,food,19.9334028,54.8672993,POINT (19.9334028 54.8672993)
738,food,20.4714261,54.9590152,POINT (20.4714261 54.9590152)
739,food,21.884802,55.0771705,POINT (21.884802 55.0771705)
740,food,20.4875828,54.7203716,POINT (20.4875828 54.7203716)
741,food,19.9023835,54.6480669,POINT (19.9023835 54.6480669)
742,food,19.9039369,54.6494633,POINT (19.9039369 54.6494633)
743,food,21.2271594,54.6194749,POINT (21.2271594 54.6194749)
744,food,21.8168783,54.6334705,POINT (21.8168783 54.6334705)
745,food,21.8108869,54.6367111,POINT (21.8108869 54.6367111)
746,food,20.525569,54.7208339,POINT (20.525569 54.7208339)
747,food,20.5256567,54.7208875,POINT (20.5256567 54.7208875)
748,atm,20.5257341,54.7208652,POINT (20.5257341 54.7208652)
749,food,20.5040612,54.720102,POINT (20.5040612 54.720102)
750,food,20.4945498,54.7400748,POINT (20.4945498 54.7400748)
751,food,21.8003073,55.001701,POINT (21.8003073 55.001701)
752,food,20.1512514,54.9460801,POINT (20.1512514 54.9460801)
753,food,20.1522834,54.9438584,POINT (20.1522834 54.9438584)
754,food,20.1522959,54.9439026,POINT (20.1522959 54.9439026)
755,food,20.1512294,54.9461347,POINT (20.1512294 54.9461347)
756,bank,22.570115,54.6321932,POINT (22.570115 54.6321932)
757,kgarden,20.547998,54.7481043,POINT (20.547998 54.7481043)
758,food,19.8913858,54.6389413,POINT (19.8913858 54.6389413)
759,food,21.6570832,54.6305082,POINT (21.6570832 54.6305082)
760,food,20.5002776,54.7173817,POINT (20.5002776 54.7173817)
761,food,20.5033851,54.7189445,POINT (20.5033851 54.7189445)
762,food,20.4859103,54.9639518,POINT (20.4859103 54.9639518)
763,food,20.4830858,54.9641885,POINT (20.4830858 54.9641885)
764,food,20.481274,54.962286,POINT (20.481274 54.962286)
765,atm,20.502148,54.713929,POINT (20.502148 54.713929)
766,bank,20.502591,54.696033,POINT (20.502591 54.696033)
767,food,19.9152945,54.647779,POINT (19.9152945 54.647779)
768,atm,20.5028459,54.7157961,POINT (20.5028459 54.7157961)
769,atm,20.502189,54.713943,POINT (20.502189 54.713943)
770,atm,22.200864,54.592574,POINT (22.200864 54.592574)
771,atm,20.5028003,54.7158069,POINT (20.5028003 54.7158069)
772,atm,19.902006,54.647859,POINT (19.902006 54.647859)
773,food,20.4874783,54.7495956,POINT (20.4874783 54.7495956)
774,college,20.4940962,54.7210932,POINT (20.4940962 54.7210932)
775,office,20.4712073,54.6668124,POINT (20.4712073 54.6668124)
776,office,20.4491499,54.7742737,POINT (20.4491499 54.7742737)
777,school,20.4478126,54.7744599,POINT (20.4478126 54.7744599)
778,kgarden,20.4475897,54.7720579,POINT (20.4475897 54.7720579)
779,school,21.0659365,54.6511237,POINT (21.0659365 54.6511237)
780,office,20.4693333,54.6929565,POINT (20.4693333 54.6929565)
781,food,20.4906153,54.7196555,POINT (20.4906153 54.7196555)
782,food,20.4816602,54.7311074,POINT (20.4816602 54.7311074)
783,hospital,20.8284006,54.4233425,POINT (20.8284006 54.4233425)
784,food,20.4998097,54.7027213,POINT (20.4998097 54.7027213)
785,food,20.5150033,54.7058153,POINT (20.5150033 54.7058153)
786,office,20.5268967,54.7679336,POINT (20.5268967 54.7679336)
787,office,20.4172849,54.8057637,POINT (20.4172849 54.8057637)
788,office,20.4960022,54.7218429,POINT (20.4960022 54.7218429)
789,office,20.50748,54.7114278,POINT (20.50748 54.7114278)
790,office,20.6163588,54.8031033,POINT (20.6163588 54.8031033)
791,office,20.4702518,54.7220658,POINT (20.4702518 54.7220658)
792,food,20.4877317,54.6959914,POINT (20.4877317 54.6959914)
793,office,20.4990765,54.7421419,POINT (20.4990765 54.7421419)
794,hospital,22.1555339,54.6031195,POINT (22.1555339 54.6031195)
795,office,20.4577901,54.748502,POINT (20.4577901 54.748502)
796,office,20.4987045,54.7084566,POINT (20.4987045 54.7084566)
797,office,20.4988661,54.7082835,POINT (20.4988661 54.7082835)
798,office,21.7898979,54.7527962,POINT (21.7898979 54.7527962)
799,food,20.4506683,54.7134705,POINT (20.4506683 54.7134705)
800,food,20.5064276,54.7130426,POINT (20.5064276 54.7130426)
801,food,20.482428,54.9638771,POINT (20.482428 54.9638771)
802,food,20.5002177,54.7206635,POINT (20.5002177 54.7206635)
803,office,21.068754,54.6478906,POINT (21.068754 54.6478906)
804,food,22.2108763,54.5917316,POINT (22.2108763 54.5917316)
805,food,20.4887321,54.7303145,POINT (20.4887321 54.7303145)
806,food,20.5016363,54.7253776,POINT (20.5016363 54.7253776)
807,food,20.2577819,54.9508546,POINT (20.2577819 54.9508546)
808,office,20.5074424,54.7404698,POINT (20.5074424 54.7404698)
809,food,21.0703394,54.6529693,POINT (21.0703394 54.6529693)
810,atm,20.1662787,54.9311278,POINT (20.1662787 54.9311278)
811,food,20.4922861,54.9636997,POINT (20.4922861 54.9636997)
812,office,20.539844,54.6704972,POINT (20.539844 54.6704972)
813,office,20.5377983,54.6702041,POINT (20.5377983 54.6702041)
814,office,20.5377628,54.6705361,POINT (20.5377628 54.6705361)
815,atm,20.517048,54.704436,POINT (20.517048 54.704436)
816,atm,20.5249305,54.6957375,POINT (20.5249305 54.6957375)
817,food,20.4813186,54.7283033,POINT (20.4813186 54.7283033)
818,food,20.4803733,54.7284305,POINT (20.4803733 54.7284305)
819,food,19.9370502,54.8756838,POINT (19.9370502 54.8756838)
820,food,19.9373453,54.8755912,POINT (19.9373453 54.8755912)
821,food,19.9373533,54.875494,POINT (19.9373533 54.875494)
822,food,20.5138689,54.7157629,POINT (20.5138689 54.7157629)
823,food,20.4725478,54.9587502,POINT (20.4725478 54.9587502)
824,food,20.2189116,54.9535506,POINT (20.2189116 54.9535506)
825,food,20.224058,54.9514526,POINT (20.224058 54.9514526)
826,food,20.1737531,54.9490855,POINT (20.1737531 54.9490855)
827,food,20.5042721,54.702429,POINT (20.5042721 54.702429)
828,food,19.8833941,54.6350915,POINT (19.8833941 54.6350915)
829,food,20.1581351,54.941258,POINT (20.1581351 54.941258)
830,food,20.472726,54.9587239,POINT (20.472726 54.9587239)
831,atm,20.1517193,54.9440151,POINT (20.1517193 54.9440151)
832,atm,20.1594628,54.9450117,POINT (20.1594628 54.9450117)
833,food,20.4953097,54.9638742,POINT (20.4953097 54.9638742)
834,food,20.550988,54.7362967,POINT (20.550988 54.7362967)
835,food,19.8955403,54.6445542,POINT (19.8955403 54.6445542)
836,bank,20.523854,54.7094663,POINT (20.523854 54.7094663)
837,food,20.551063,54.7362203,POINT (20.551063 54.7362203)
838,food,20.5310249,54.7333015,POINT (20.5310249 54.7333015)
839,food,20.5628201,54.727416,POINT (20.5628201 54.727416)
840,food,20.1755901,54.5708008,POINT (20.1755901 54.5708008)
841,food,20.1739686,54.5707442,POINT (20.1739686 54.5707442)
842,food,20.1763769,54.5712521,POINT (20.1763769 54.5712521)
843,food,20.1763764,54.5714633,POINT (20.1763764 54.5714633)
844,food,20.1470696,54.9386103,POINT (20.1470696 54.9386103)
845,food,20.1473961,54.9387629,POINT (20.1473961 54.9387629)
846,food,20.1471234,54.9387106,POINT (20.1471234 54.9387106)
847,atm,21.892815,55.0790644,POINT (21.892815 55.0790644)
848,food,20.2254103,54.9506012,POINT (20.2254103 54.9506012)
849,MFC,20.2239954,54.952036,POINT (20.2239954 54.952036)
850,food,20.2247754,54.9519208,POINT (20.2247754 54.9519208)
851,bank,20.2246911,54.9524384,POINT (20.2246911 54.9524384)
852,food,20.4932297,54.718488,POINT (20.4932297 54.718488)
853,food,19.9374763,54.8746307,POINT (19.9374763 54.8746307)
854,atm,20.5254918,54.695448,POINT (20.5254918 54.695448)
855,atm,20.5242285,54.7156909,POINT (20.5242285 54.7156909)
856,atm,21.7881149,54.632931,POINT (21.7881149 54.632931)
857,atm,20.4951507,54.7414822,POINT (20.4951507 54.7414822)
858,atm,20.5827919,54.7116578,POINT (20.5827919 54.7116578)
859,atm,20.5128184,54.6689484,POINT (20.5128184 54.6689484)
860,atm,20.531881,54.741866,POINT (20.531881 54.741866)
861,atm,20.1364321,54.6764799,POINT (20.1364321 54.6764799)
862,atm,20.461861,54.71579,POINT (20.461861 54.71579)
863,atm,20.4981226,54.7317449,POINT (20.4981226 54.7317449)
864,atm,20.5079341,54.7113927,POINT (20.5079341 54.7113927)
865,atm,20.5002415,54.7165864,POINT (20.5002415 54.7165864)
866,atm,21.8066329,54.6357733,POINT (21.8066329 54.6357733)
867,atm,20.449564,54.721042,POINT (20.449564 54.721042)
868,atm,20.4995763,54.7178116,POINT (20.4995763 54.7178116)
869,atm,20.5097231,54.7355764,POINT (20.5097231 54.7355764)
870,atm,20.5069631,54.7210262,POINT (20.5069631 54.7210262)
871,atm,20.587814,54.680342,POINT (20.587814 54.680342)
872,atm,20.539916,54.732096,POINT (20.539916 54.732096)
873,atm,20.4729903,54.7409325,POINT (20.4729903 54.7409325)
874,atm,20.570805,54.733411,POINT (20.570805 54.733411)
875,atm,20.5171099,54.7099997,POINT (20.5171099 54.7099997)
876,atm,20.30421,54.940438,POINT (20.30421 54.940438)
877,atm,20.553023,54.708467,POINT (20.553023 54.708467)
878,atm,19.9104127,54.6542721,POINT (19.9104127 54.6542721)
879,atm,20.503759,54.701491,POINT (20.503759 54.701491)
880,atm,20.5381224,54.6705151,POINT (20.5381224 54.6705151)
881,atm,20.1556125,54.9446174,POINT (20.1556125 54.9446174)
882,atm,20.4843253,54.9641057,POINT (20.4843253 54.9641057)
883,atm,20.4903549,54.67438,POINT (20.4903549 54.67438)
884,atm,20.5026126,54.7334376,POINT (20.5026126 54.7334376)
885,atm,20.340463,54.648599,POINT (20.340463 54.648599)
886,atm,20.5002603,54.7176783,POINT (20.5002603 54.7176783)
887,atm,20.507065,54.743541,POINT (20.507065 54.743541)
888,bank,20.461861,54.71579,POINT (20.461861 54.71579)
889,bank,20.517059,54.7102089,POINT (20.517059 54.7102089)
890,bank,20.461116,54.716128,POINT (20.461116 54.716128)
891,bank,20.50707,54.743541,POINT (20.50707 54.743541)
892,food,20.4738677,54.9594141,POINT (20.4738677 54.9594141)
893,food,19.9422184,54.8712744,POINT (19.9422184 54.8712744)
894,office,21.0730575,54.6481475,POINT (21.0730575 54.6481475)
895,food,20.5179434,54.6977833,POINT (20.5179434 54.6977833)
896,food,19.8943446,54.6451288,POINT (19.8943446 54.6451288)
897,food,20.2251124,54.9510766,POINT (20.2251124 54.9510766)
898,food,20.2252246,54.9502862,POINT (20.2252246 54.9502862)
899,food,20.2251877,54.9501584,POINT (20.2251877 54.9501584)
900,food,20.5162747,54.6964248,POINT (20.5162747 54.6964248)
901,food,20.5162361,54.6964823,POINT (20.5162361 54.6964823)
902,food,20.4699956,54.7223446,POINT (20.4699956 54.7223446)
903,food,20.4865965,54.7242922,POINT (20.4865965 54.7242922)
904,atm,19.939605,54.8639426,POINT (19.939605 54.8639426)
905,food,19.9399633,54.863455,POINT (19.9399633 54.863455)
906,food,20.5090081,54.7241501,POINT (20.5090081 54.7241501)
907,food,20.5021944,54.7183973,POINT (20.5021944 54.7183973)
908,food,20.5136779,54.7202662,POINT (20.5136779 54.7202662)
909,food,20.155361,54.9446356,POINT (20.155361 54.9446356)
910,food,19.934225,54.883209,POINT (19.934225 54.883209)
911,food,20.1489539,54.943703,POINT (20.1489539 54.943703)
912,food,20.4810084,54.731236,POINT (20.4810084 54.731236)
913,food,20.5335484,54.6837273,POINT (20.5335484 54.6837273)
914,bank,20.4958346,54.7185833,POINT (20.4958346 54.7185833)
915,airport,20.2154876,54.890892,POINT (20.2154876 54.890892)
916,railway,21.3244409,54.3570508,POINT (21.3244409 54.3570508)
917,atm,20.455322,54.696657,POINT (20.455322 54.696657)
918,food,20.5255699,54.7180862,POINT (20.5255699 54.7180862)
919,railway,20.4539666,54.9505359,POINT (20.4539666 54.9505359)
920,food,20.5255642,54.7182655,POINT (20.5255642 54.7182655)
921,food,20.5033143,54.6986623,POINT (20.5033143 54.6986623)
922,food,20.4986841,54.6944834,POINT (20.4986841 54.6944834)
923,food,20.1551537,54.9441862,POINT (20.1551537 54.9441862)
924,food,20.9100258,55.2371183,POINT (20.9100258 55.2371183)
925,food,20.4970536,54.7260929,POINT (20.4970536 54.7260929)
926,food,19.9313705,54.8834777,POINT (19.9313705 54.8834777)
927,food,20.47371,54.7205468,POINT (20.47371 54.7205468)
928,food,20.4832706,54.7211304,POINT (20.4832706 54.7211304)
929,food,20.1478622,54.945635,POINT (20.1478622 54.945635)
930,food,20.1509445,54.9458638,POINT (20.1509445 54.9458638)
931,food,21.0197014,54.445676,POINT (21.0197014 54.445676)
932,food,21.0177281,54.445297,POINT (21.0177281 54.445297)
933,food,20.494309,54.717952,POINT (20.494309 54.717952)
934,food,20.5054408,54.7245427,POINT (20.5054408 54.7245427)
935,office,20.5294018,54.7100143,POINT (20.5294018 54.7100143)
936,bank,20.505158,54.7192015,POINT (20.505158 54.7192015)
937,bank,20.5080655,54.7113214,POINT (20.5080655 54.7113214)
938,atm,20.5038303,54.7189536,POINT (20.5038303 54.7189536)
939,food,20.5057561,54.7082782,POINT (20.5057561 54.7082782)
940,food,20.1552064,54.942125,POINT (20.1552064 54.942125)
941,food,20.1454258,54.9434395,POINT (20.1454258 54.9434395)
942,food,20.4597778,54.7232208,POINT (20.4597778 54.7232208)
943,food,20.4744935,54.7219751,POINT (20.4744935 54.7219751)
944,food,20.4998969,54.7170143,POINT (20.4998969 54.7170143)
945,food,20.464583,54.7186463,POINT (20.464583 54.7186463)
946,food,20.4716734,54.9605246,POINT (20.4716734 54.9605246)
947,food,20.1507145,54.9460166,POINT (20.1507145 54.9460166)
948,food,19.9377525,54.8666335,POINT (19.9377525 54.8666335)
949,food,20.5103836,54.7116852,POINT (20.5103836 54.7116852)
950,food,21.9010201,55.0815332,POINT (21.9010201 55.0815332)
951,food,20.5855329,54.8833394,POINT (20.5855329 54.8833394)
952,atm,20.5851151,54.8826217,POINT (20.5851151 54.8826217)
953,atm,20.5851283,54.882605,POINT (20.5851283 54.882605)
954,atm,20.5851217,54.8826133,POINT (20.5851217 54.8826133)
955,atm,20.5851414,54.8825883,POINT (20.5851414 54.8825883)
956,food,20.1568725,54.9412739,POINT (20.1568725 54.9412739)
957,food,20.165276,54.9455385,POINT (20.165276 54.9455385)
958,food,21.8981093,55.0848825,POINT (21.8981093 55.0848825)
959,food,20.4852008,54.7196311,POINT (20.4852008 54.7196311)
960,food,20.5035191,54.718978,POINT (20.5035191 54.718978)
961,hospital,20.460244,54.7468697,POINT (20.460244 54.7468697)
962,food,20.8543107,55.154119,POINT (20.8543107 55.154119)
963,food,20.5255279,54.7189874,POINT (20.5255279 54.7189874)
964,food,20.4981162,54.700522,POINT (20.4981162 54.700522)
965,bank,20.51119,54.71152,POINT (20.51119 54.71152)
966,food,20.4915904,54.7197936,POINT (20.4915904 54.7197936)
967,food,20.5073516,54.7125668,POINT (20.5073516 54.7125668)
968,food,20.5084,54.7129156,POINT (20.5084 54.7129156)
969,food,20.5058009,54.7137246,POINT (20.5058009 54.7137246)
970,food,20.5217216,54.7131608,POINT (20.5217216 54.7131608)
971,office,20.445601,54.7116886,POINT (20.445601 54.7116886)
972,food,19.8867428,54.6323236,POINT (19.8867428 54.6323236)
973,food,20.5090597,54.7359636,POINT (20.5090597 54.7359636)
974,food,20.4757335,54.7199706,POINT (20.4757335 54.7199706)
975,food,19.8994065,54.6462944,POINT (19.8994065 54.6462944)
976,food,20.4790465,54.9621236,POINT (20.4790465 54.9621236)
977,airport,21.9098495,54.9189595,POINT (21.9098495 54.9189595)
978,food,20.1599091,54.9471746,POINT (20.1599091 54.9471746)
979,food,20.159972,54.9471967,POINT (20.159972 54.9471967)
980,food,20.1558333,54.9443512,POINT (20.1558333 54.9443512)
981,food,20.1509895,54.9443307,POINT (20.1509895 54.9443307)
982,food,20.4734516,54.7188263,POINT (20.4734516 54.7188263)
983,food,21.3041859,54.3619085,POINT (21.3041859 54.3619085)
984,food,20.4787414,54.9629145,POINT (20.4787414 54.9629145)
985,food,20.4791172,54.7202555,POINT (20.4791172 54.7202555)
986,food,20.476368,54.9624667,POINT (20.476368 54.9624667)
987,food,20.5111572,54.706865,POINT (20.5111572 54.706865)
988,food,20.5142561,54.7057487,POINT (20.5142561 54.7057487)
989,food,20.5099694,54.7120581,POINT (20.5099694 54.7120581)
990,food,20.6494511,55.0370711,POINT (20.6494511 55.0370711)
991,food,20.533319,54.742584,POINT (20.533319 54.742584)
992,food,20.1552835,54.942077,POINT (20.1552835 54.942077)
993,food,20.4946374,54.9645124,POINT (20.4946374 54.9645124)
994,food,20.571545,54.738406,POINT (20.571545 54.738406)
995,food,20.5183296,54.7127342,POINT (20.5183296 54.7127342)
996,office,20.506749,54.698338,POINT (20.506749 54.698338)
997,railway,20.5336753,54.6634539,POINT (20.5336753 54.6634539)
998,food,20.4735544,54.9586438,POINT (20.4735544 54.9586438)
999,bank,21.8983376,55.0813797,POINT (21.8983376 55.0813797)
1000,bank,20.4993483,54.6763387,POINT (20.4993483 54.6763387)
1001,bank,20.1350534,54.6755726,POINT (20.1350534 54.6755726)
1002,bank,22.1965966,54.5867645,POINT (22.1965966 54.5867645)
1003,bank,20.5056354,54.7029254,POINT (20.5056354 54.7029254)
1004,bank,20.4815894,54.7212092,POINT (20.4815894 54.7212092)
1005,bank,20.505649,54.699348,POINT (20.505649 54.699348)
1006,bank,20.537594,54.7258145,POINT (20.537594 54.7258145)
1007,bank,20.503597,54.7189923,POINT (20.503597 54.7189923)
1008,food,20.6211847,54.5932503,POINT (20.6211847 54.5932503)
1009,hospital,20.6228607,54.5892064,POINT (20.6228607 54.5892064)
1010,office,20.6201862,54.5938554,POINT (20.6201862 54.5938554)
1011,hospital,20.5671129,54.5817406,POINT (20.5671129 54.5817406)
1012,atm,20.4957461,54.7186081,POINT (20.4957461 54.7186081)
1013,food,20.5072128,54.7370123,POINT (20.5072128 54.7370123)
1014,food,20.5307462,54.6906696,POINT (20.5307462 54.6906696)
1015,food,20.4679871,54.9573326,POINT (20.4679871 54.9573326)
1016,food,20.510064,54.6984503,POINT (20.510064 54.6984503)
1017,food,20.5127714,54.7045021,POINT (20.5127714 54.7045021)
1018,food,20.5107463,54.7067096,POINT (20.5107463 54.7067096)
1019,food,20.5028617,54.7091609,POINT (20.5028617 54.7091609)
1020,food,20.5023556,54.7095405,POINT (20.5023556 54.7095405)
1021,food,20.510056,54.7120496,POINT (20.510056 54.7120496)
1022,food,20.5132112,54.7211632,POINT (20.5132112 54.7211632)
1023,food,20.5126432,54.7176392,POINT (20.5126432 54.7176392)
1024,food,20.4700727,54.721717,POINT (20.4700727 54.721717)
1025,food,20.4734033,54.9586418,POINT (20.4734033 54.9586418)
1026,food,20.4754264,54.6938053,POINT (20.4754264 54.6938053)
1027,food,20.5001637,54.7478779,POINT (20.5001637 54.7478779)
1028,food,20.523517,54.687503,POINT (20.523517 54.687503)
1029,food,20.5091438,54.7360223,POINT (20.5091438 54.7360223)
1030,food,20.447729,54.768588,POINT (20.447729 54.768588)
1031,food,20.579879,54.675326,POINT (20.579879 54.675326)
1032,food,20.5084491,54.7127067,POINT (20.5084491 54.7127067)
1033,food,20.5301186,54.710336,POINT (20.5301186 54.710336)
1034,food,20.5407295,54.7168141,POINT (20.5407295 54.7168141)
1035,food,20.525634,54.7471812,POINT (20.525634 54.7471812)
1036,food,20.5008879,54.6726615,POINT (20.5008879 54.6726615)
1037,food,20.464638,54.735644,POINT (20.464638 54.735644)
1038,food,20.489027,54.749051,POINT (20.489027 54.749051)
1039,food,20.3531277,54.7261304,POINT (20.3531277 54.7261304)
1040,food,20.3704387,54.7174415,POINT (20.3704387 54.7174415)
1041,food,20.608206,54.764218,POINT (20.608206 54.764218)
1042,food,20.593636,54.776862,POINT (20.593636 54.776862)
1043,food,20.3340009,54.6511872,POINT (20.3340009 54.6511872)
1044,food,20.4538657,54.7711814,POINT (20.4538657 54.7711814)
1045,food,20.5788758,54.7111479,POINT (20.5788758 54.7111479)
1046,food,20.5051607,54.7407792,POINT (20.5051607 54.7407792)
1047,food,20.5023846,54.6660476,POINT (20.5023846 54.6660476)
1048,food,20.5213827,54.7051664,POINT (20.5213827 54.7051664)
1049,food,20.5121103,54.6752625,POINT (20.5121103 54.6752625)
1050,food,20.4995871,54.7208079,POINT (20.4995871 54.7208079)
1051,food,20.5317226,54.7417005,POINT (20.5317226 54.7417005)
1052,food,20.549186,54.731795,POINT (20.549186 54.731795)
1053,food,20.4899713,54.6742621,POINT (20.4899713 54.6742621)
1054,food,20.5368429,54.7263349,POINT (20.5368429 54.7263349)
1055,food,20.4493305,54.7217188,POINT (20.4493305 54.7217188)
1056,food,20.5714488,54.7079047,POINT (20.5714488 54.7079047)
1057,food,20.5099565,54.6686784,POINT (20.5099565 54.6686784)
1058,food,20.436593,54.711709,POINT (20.436593 54.711709)
1059,food,20.527901,54.726395,POINT (20.527901 54.726395)
1060,food,20.5215088,54.7132691,POINT (20.5215088 54.7132691)
1061,food,20.4826275,54.7211457,POINT (20.4826275 54.7211457)
1062,food,20.5075076,54.7120001,POINT (20.5075076 54.7120001)
1063,bank,21.8163854,54.6333112,POINT (21.8163854 54.6333112)
1064,food,20.4982233,54.7236861,POINT (20.4982233 54.7236861)
1065,food,20.493654,54.9642148,POINT (20.493654 54.9642148)
1066,bank,20.4537358,54.712407,POINT (20.4537358 54.712407)
1067,bank,20.4522895,54.7123904,POINT (20.4522895 54.7123904)
1068,bank,20.4525597,54.7155565,POINT (20.4525597 54.7155565)
1069,bank,20.4531449,54.7165435,POINT (20.4531449 54.7165435)
1070,bank,20.453755,54.7164683,POINT (20.453755 54.7164683)
1071,food,20.4443181,54.9518392,POINT (20.4443181 54.9518392)
1072,food,20.4565067,54.7149391,POINT (20.4565067 54.7149391)
1073,hospital,20.4941273,54.7466854,POINT (20.4941273 54.7466854)
1074,bank,20.436656,54.8038779,POINT (20.436656 54.8038779)
1075,food,20.4637651,54.7304333,POINT (20.4637651 54.7304333)
1076,bank,20.4628014,54.7336591,POINT (20.4628014 54.7336591)
1077,food,19.9333472,54.8673918,POINT (19.9333472 54.8673918)
1078,food,20.5099203,54.6985912,POINT (20.5099203 54.6985912)
1079,food,20.5100956,54.6985359,POINT (20.5100956 54.6985359)
1080,food,20.4695878,54.7308351,POINT (20.4695878 54.7308351)
1081,food,20.4534507,54.7120729,POINT (20.4534507 54.7120729)
1082,food,20.4583018,54.7156407,POINT (20.4583018 54.7156407)
1083,atm,19.9107885,54.6597018,POINT (19.9107885 54.6597018)
1084,atm,19.9109253,54.659812,POINT (19.9109253 54.659812)
1085,atm,19.9108797,54.6597391,POINT (19.9108797 54.6597391)
1086,bank,19.9072815,54.6568191,POINT (19.9072815 54.6568191)
1087,food,20.4579145,54.7129122,POINT (20.4579145 54.7129122)
1088,food,20.4556816,54.7208406,POINT (20.4556816 54.7208406)
1089,food,20.4529088,54.7158414,POINT (20.4529088 54.7158414)
1090,food,19.9105784,54.6588397,POINT (19.9105784 54.6588397)
1091,atm,19.9107658,54.6595571,POINT (19.9107658 54.6595571)
1092,atm,19.910472,54.654261,POINT (19.910472 54.654261)
1093,atm,19.9103979,54.6542749,POINT (19.9103979 54.6542749)
1094,atm,19.9104868,54.6542582,POINT (19.9104868 54.6542582)
1095,atm,19.910383,54.6542777,POINT (19.910383 54.6542777)
1096,food,19.9074532,54.657269,POINT (19.9074532 54.657269)
1097,food,19.9050057,54.6501816,POINT (19.9050057 54.6501816)
1098,bank,19.904193,54.6497161,POINT (19.904193 54.6497161)
1099,food,19.9035828,54.6492823,POINT (19.9035828 54.6492823)
1100,food,20.4969022,54.7243398,POINT (20.4969022 54.7243398)
1101,food,20.5025804,54.7091955,POINT (20.5025804 54.7091955)
1102,food,20.5811986,54.7116499,POINT (20.5811986 54.7116499)
1103,food,20.4900636,54.6742661,POINT (20.4900636 54.6742661)
1104,food,20.525561,54.724656,POINT (20.525561 54.724656)
1105,food,20.5309613,54.7125696,POINT (20.5309613 54.7125696)
1106,food,20.5146143,54.7049612,POINT (20.5146143 54.7049612)
1107,food,21.8849936,55.0849223,POINT (21.8849936 55.0849223)
1108,food,20.5502762,54.7176881,POINT (20.5502762 54.7176881)
1109,railway,20.2806209,54.8183597,POINT (20.2806209 54.8183597)
1110,food,20.5126519,54.7045578,POINT (20.5126519 54.7045578)
1111,food,20.4988917,54.7188031,POINT (20.4988917 54.7188031)
1112,food,20.4782992,54.9611896,POINT (20.4782992 54.9611896)
1113,food,19.9111681,54.6516411,POINT (19.9111681 54.6516411)
1114,food,19.9113639,54.6517086,POINT (19.9113639 54.6517086)
1115,atm,19.9055703,54.6523867,POINT (19.9055703 54.6523867)
1116,bank,20.7939008,55.1431746,POINT (20.7939008 55.1431746)
1117,bank,20.443173,54.7235073,POINT (20.443173 54.7235073)
1118,food,20.4579265,54.7128663,POINT (20.4579265 54.7128663)
1119,bank,20.4793766,54.7206484,POINT (20.4793766 54.7206484)
1120,kgarden,20.2336743,54.9535291,POINT (20.2336743 54.9535291)
1121,food,20.2267355,54.9532255,POINT (20.2267355 54.9532255)
1122,food,20.2274904,54.9504508,POINT (20.2274904 54.9504508)
1123,bank,20.4547352,54.7146131,POINT (20.4547352 54.7146131)
1124,atm,20.4536338,54.7153694,POINT (20.4536338 54.7153694)
1125,atm,20.4532542,54.7149354,POINT (20.4532542 54.7149354)
1126,bank,20.4984143,54.6967229,POINT (20.4984143 54.6967229)
1127,bank,20.4990873,54.6963297,POINT (20.4990873 54.6963297)
1128,bank,21.1099327,54.863513,POINT (21.1099327 54.863513)
1129,bank,20.5047047,54.7196569,POINT (20.5047047 54.7196569)
1130,bank,20.5047261,54.7196724,POINT (20.5047261 54.7196724)
1131,office,20.5126387,54.7219156,POINT (20.5126387 54.7219156)
1132,food,21.3039943,54.3611368,POINT (21.3039943 54.3611368)
1133,food,21.8171124,54.6358682,POINT (21.8171124 54.6358682)
1134,office,20.5343753,54.7420891,POINT (20.5343753 54.7420891)
1135,atm,20.4642668,54.721626,POINT (20.4642668 54.721626)
1136,railway,21.7444916,54.6010029,POINT (21.7444916 54.6010029)
1137,food,20.4547714,54.7207292,POINT (20.4547714 54.7207292)
1138,office,20.5758,54.7486,POINT (20.5758 54.7486)
